Type,Name,Request Count,Failure Count,Median Response Time,Average Response Time,Min Response Time,Max Response Time,Average Content Size,Requests/s,Failures/s,50%,66%,75%,80%,90%,95%,98%,99%,99.9%,99.99%,100%
POST,1-analyze-image,5,1,41000.0,45242.44301239378,15343.192870990606,93281.5848379978,476.4,0.05192778437905876,0.010385556875811752,41000,50000,50000,93000,93000,93000,93000,93000,93000,93000,93000
POST,2-complete-answer,2,0,32016.900671995245,48900.469550993876,32016.900671995245,65784.0384299925,2415.5,0.020771113751623504,0.0,66000,66000,66000,66000,66000,66000,66000,66000,66000,66000,66000
,Aggregated,7,1,41000.0,46287.59345199381,15343.192870990606,93281.5848379978,1030.4285714285713,0.07269889813068227,0.010385556875811752,41000,50000,66000,66000,93000,93000,93000,93000,93000,93000,93000
