Type,Name,Request Count,Failure Count,Median Response Time,Average Response Time,Min Response Time,Max Response Time,Average Content Size,Requests/s,Failures/s,50%,66%,75%,80%,90%,95%,98%,99%,99.9%,99.99%,100%
POST,1-analyze-image,7,2,42000.0,77585.36001384657,22838.5215329763,168902.04050199827,451.57142857142856,0.04095823807579371,0.01170235373594106,42000,111000,142000,142000,169000,169000,169000,169000,169000,169000,169000
POST,2-complete-answer,3,0,80000.0,77922.45018132962,55520.17447797698,98112.36956401262,1740.3333333333333,0.017553530603911592,0.0,80000,80000,98000,98000,98000,98000,98000,98000,98000,98000,98000
,Aggregated,10,2,56000.0,77686.48706409149,22838.5215329763,168902.04050199827,838.2,0.058511768679705305,0.01170235373594106,80000,98000,111000,142000,169000,169000,169000,169000,169000,169000,169000
