Type,Name,Request Count,Failure Count,Median Response Time,Average Response Time,Min Response Time,Max Response Time,Average Content Size,Requests/s,Failures/s,50%,66%,75%,80%,90%,95%,98%,99%,99.9%,99.99%,100%
POST,1-analyze-image,4,1,25000.0,36091.01861725503,17648.13827999751,68664.7408970166,399.0,0.039953767106633974,0.009988441776658493,33000,33000,69000,69000,69000,69000,69000,69000,69000,69000,69000
POST,2-complete-answer,2,0,50416.64747099276,56548.380527994595,50416.64747099276,62680.113584996434,1350.5,0.019976883553316987,0.0,63000,63000,63000,63000,63000,63000,63000,63000,63000,63000,63000
,Aggregated,6,1,33000.0,42910.13925416822,17648.13827999751,68664.7408970166,716.1666666666666,0.05993065065995096,0.009988441776658493,50000,50000,63000,63000,69000,69000,69000,69000,69000,69000,69000
